{"cameraMode":{"drawMode":0,"name":"Shaded","section":"Shading Mode"},"sceneLighting":false,"audioPlay":false,"sceneViewState":{"showFog":true,"showMaterialUpdate":false,"showSkybox":false,"showFlares":true,"showImageEffects":true,"showParticleSystems":true},"in2DMode":false,"pivot":{"x":-0.7123609781265259,"y":-0.014205440878868103,"z":0.99620121717453},"rotation":{"x":-0.14672595262527467,"y":-0.027281101793050767,"z":0.004064797889441252,"w":-0.9888268113136292},"size":0.22383028268814088,"orthographic":false}