{"cameraMode":{"drawMode":0,"name":"Shaded","section":"Shading Mode"},"sceneLighting":false,"audioPlay":false,"sceneViewState":{"showFog":true,"showMaterialUpdate":false,"showSkybox":false,"showFlares":true,"showImageEffects":true,"showParticleSystems":true},"in2DMode":false,"pivot":{"x":0.0,"y":0.14087754487991334,"z":0.0010000001639127732},"rotation":{"x":-0.17771686613559724,"y":-0.03925592079758644,"z":0.007095257751643658,"w":-0.9832744598388672},"size":0.21259474754333497,"orthographic":false}